qID,word2vec_mean_of_question
1,step
3,diamond
5,Earn_Rs.####_daily
7,I
9,hydrous
11,pioneer_LaLanne
13,buy
15,Johnnie_Baston_die
17,do
19,i
21,slits
23,I
25,visit_www.coremetrics.com_privacy
27,%_#F########_9v.jsn
29,%_#F########_9v.jsn
31,SECRETARY_RICE_Yeah
33,do
35,do
37,Bardissi_Enterprises_welcomes
39,CIT_Reichwald
41,rockets
43,jealous
45,do
47,hp
49,just
51,%_#F########_9v.jsn
53,web
55,do
57,what
59,ll
61,do
63,%_#F########_9v.jsn
65,if
67,INSTANT_VIEW_Reaction
69,%_#F########_9v.jsn
71,do
73,do
75,me
77,do
79,the
81,do
83,THE_PRESIDENT_Yes
85,day
87,just
89,do
91,quickest
93,UDBKL
95,%_#F########_9v.jsn
97,some
99,do
101,BMolina_San_Francisco
103,KIM_CLIJSTERS_Yeah
105,sad
107,thing
109,tax
111,it
113,friend
115,most_Clay_countians
117,sarcasm_font
119,what
121,HTD_app_here
123,Wretched_mortals_open
125,potter
127,do
129,Be_carefull
131,programming
133,ever
135,we
137,testing
139,do
141,immunity
143,narcissistic
145,english
147,DBX_files
149,pioneer_LaLanne
151,bullet
153,breast
155,my
157,can
159,purpose
161,By_Elise_Viebeck
163,sanctuary_DellaBianca
165,it
167,despise
169,##/Hr_part
171,I
173,xxiv_adverse_effects
175,fairness
177,gaming
179,%_#F########_9v.jsn
181,BY_ANDY_THOMPSON
183,LISA_MICHALS_covers
185,QDo
187,nightmare
189,expressionism
191,printing
193,really
195,harry
197,By_Jonas_Elmerraji
199,just
201,%_#F########_9v.jsn
203,Er_um
205,war
207,fiction
209,password
211,actually
213,Chiddy_Bang_maybe
215,love
217,%_#F########_9v.jsn
219,spam
221,english
223,world
225,pain
227,do
229,do
231,we
233,they
235,depressing
237,do
239,Rinse_thoroughly
241,pioneer_LaLanne
243,state
245,mineral
247,the
249,BY_ANDY_THOMPSON
251,INSKEEP_Okay
253,what
255,drank_colas
257,just
259,india
261,mantras
263,talks
265,roycimagala@hotmail.com
267,young
269,strongest
271,muslims
273,do
275,exocytosis
277,hair
279,retirement
281,pakistan
283,websites
285,petrol
287,hole
289,just
291,options
293,you
295,%_#F########_9v.jsn
297,much
299,rabies
301,britain
303,do
305,not
307,virginity
309,you
311,maul
313,know_MyFace_Spacebook
315,6d
317,do
319,answer
321,know
323,love_veronica_Mars
325,stereotypes
327,know_MyFace_Spacebook
329,paypal
331,earphone
333,eligible
335,do
337,fields
339,you
341,salary
343,towns
345,what
347,gods
349,QDo
351,income
353,just
355,de
357,do
359,kiss
361,do
363,Twitter_@_JasonClayworth
365,them
367,Twitter_@_JasonClayworth
369,droid_x
371,battle
373,Sparknotes
375,just
377,it
379,batman
381,good
383,so
385,lord
387,KIM_CLIJSTERS_Yeah
389,you
391,recruiter
393,do
395,do
397,chinese
399,BY_ANDY_THOMPSON
401,easiest
403,%_#F########_9v.jsn
405,robotics
407,hillary
409,are
411,that
413,it
415,what
417,printers
419,important
421,adviser_Minyon_Moore
423,headphone_sockets
425,automation
427,listing
429,that
431,neutron
433,just
435,RUDI_VAN_DER_MERWE
437,do
439,Visit_www.gelending.com_clnews
441,do
443,my
445,japan
447,BY_ANDY_THOMPSON
449,jackpot
451,just
453,love_veronica_Mars
455,cognition
457,waiting
459,we
461,champions
463,drinking
465,lakes
467,porn
469,do
471,do
473,potty
475,KIM_CLIJSTERS_Yeah
477,KF_OOE
479,By_Laurelle_Gilbert
481,temperament
483,just
485,Cassell_chirped
487,smart
489,%_#F########_9v.jsn
491,do
493,bloomberg
495,so
497,just
499,why_Mee_hiccuped
501,you
503,can
505,famously_bruised_shin
507,qualities
509,gulf
511,win
513,just
515,attacks_Akawu
517,%_#F########_9v.jsn
519,do
521,what
523,do
525,your
527,do
530,rank
532,%_#F########_9v.jsn
534,By_Jonas_Elmerraji
536,I
538,prisoner
540,KF_OOE
542,A.It_s
544,I
546,just
548,you
550,Chick_flicks
552,do
554,do
556,cotton
558,marrow
560,any
562,just
564,just
566,just
568,can
570,Pretty_classless
572,actually
574,pakistan
576,do
578,Jadriyah_bridge_sustained
580,BY_ANDY_THOMPSON
582,universe
584,what
586,much
588,omg_i
590,By_Kat_Zeman
592,contractions
594,anyway
596,uSocial.net_s
598,what
600,how
602,we
604,do
606,exist
608,movie
610,KIM_CLIJSTERS_Yeah
612,Ike_skews
614,job
616,understand
618,me
620,iphone
622,rules
624,what
626,responded_Borgella
628,pioneer_LaLanne
630,the
632,do
634,do
636,billionaire
638,visit_www.coremetrics.com_privacy
640,%_#F########_9v.jsn
642,rupees
644,philosophical
646,omnivores
648,that
650,do
652,AWell
653,it
655,journalism
657,concentration
659,do
661,cons
663,agnosticism
665,masturbate
667,anyway
669,there
671,what
673,friction
675,jailbroken_iPad
677,what
679,programing
681,earthquake
683,HollywoodLifers
685,do
687,BY_ANDY_THOMPSON
689,dec
691,what
693,do
695,'ve
697,do
699,what
701,courses
703,tmo
705,most
706,CityTownInfo
708,About_generica_Viagra_Viagra
710,CityTownInfo
712,all
714,are
716,racist
718,however
720,canada
722,=_strlen
724,my
726,can
728,mr
730,john_mccain
732,do
734,do
736,guys
738,lived
740,old
742,just
744,do
746,yogurt
748,I
750,the
752,do
754,Greg_Stucker_director
756,pressure_squeezing_fullness
758,one
760,me
762,jailbroken_iPad
764,do
766,BY_ANDY_THOMPSON
768,emoticon
770,Kailas_Gheewala
772,yourself
774,scientists
776,shortlisted
778,wedding
780,slowly_Jasny
782,onshore
784,hate
786,ever
788,useful
790,the
792,vent_Gespass
794,she
796,drug
798,%_#F########_9v.jsn
800,do
802,tea
804,love_veronica_Mars
806,womb
808,scenes
810,it
812,robotics
814,dream
816,you
818,pioneer_LaLanne
820,pioneer_LaLanne
822,priests_bullying_schoolmasters
824,that
826,%_#F########_9v.jsn
828,Crave_Online_How
830,why
832,monster
834,Forgiving_Merciful
836,porn
838,do
840,your
842,do
844,By_Jonas_Elmerraji
846,molecules
848,AI'm
850,booking
852,Diversions_Coming
854,just
856,E_mail_heyjen@phillynews.com
858,RUSH_Yeah
860,warm_washcloth
862,english
864,actually
866,what
868,jones
870,samantharonson_@
872,just
874,british_accent
876,why_Mee_hiccuped
878,do
880,jingle
882,Fold_whipped_cream
884,minimum
886,do
888,iran
890,it
892,are
894,4g
896,Riya_ei_ta_amar
898,so
900,it
902,By_Laurelle_Gilbert
904,Lavigne_cited_irreconcilable
906,is
908,%_#F########_9v.jsn
910,really
912,Billie_Seef
914,you
916,amazon
918,india
920,the
922,for
924,not
926,similar
928,you
930,BY_ANDY_THOMPSON
932,recipe
934,NOVAK_DJOKOVIC_Yeah
936,rubbers
938,youā
940,me
942,gravity
944,so
946,salary
948,scientifically
950,change
952,my
954,do
956,really
958,presidents
960,pounds
962,vulnerable_Frangipane
964,red
966,pioneer_LaLanne
968,owns
970,google_docs
972,do
974,do
976,rahul
978,pm
980,comet
982,chocolate
984,how
986,LISA_MICHALS_covers
988,the
990,Snowstorm_closes
992,what's
994,Parissa_wax
996,history
998,really
1000,programmer
1002,Aguilar_Ascencio
1004,election
1006,asylum
1008,do
1010,urine
1012,it
1014,you
1016,do
1018,%_#F########_9v.jsn
1020,%_#F########_9v.jsn
1022,flower
1024,what
1026,die
1028,do
1030,Cerebral_palsy_involves
1032,cultures
1034,techniques
1036,NOVAK_DJOKOVIC_Yeah
1038,eat
1040,optimists_outnumber_pessimists
1042,humor_Jena_Elayan
1044,do
1046,me
1048,sprain
1050,dreaded_laminitis
1052,By_Christine_Fenno
1054,just
1056,love_veronica_Mars
1058,Geno_Excellent
1060,IGNOU_launches
1062,By_Laurelle_Gilbert
1064,do
1066,next
1068,you
1070,actually
1072,problem
1074,droid_x
1076,=====_====
1078,Arrendondo_cook
1080,jailbroken_iPad
1082,engineer
1084,SheldenWilliams_@
1086,do
1088,really
1090,it
1092,someones
1094,pioneer_LaLanne
1096,what
1098,apps
1100,do
1102,the
1104,do
1106,not
1108,Crave_Online_Did
1110,do
1112,engineers
1114,FoFs_view
1116,most
1118,do
1120,%_#F########_9v.jsn
1122,Er_um
1124,do
1126,youtube
1128,molecules
1130,facebook
1132,pioneer_LaLanne
1134,do
1136,just
1138,really
1140,%_#F########_3v.jsn
1142,glucose
1144,sex
1146,do
1148,SYVJ
1150,=_strlen
1152,do
1154,do
1156,calendar
1158,Don'tI_deserve
1160,do
1162,not
1164,he
1166,so
1168,playstation
1170,porn
1172,By_Laurelle_Gilbert
1174,Visit_www.gelending.com_clnews
1176,developers
1178,what
1180,Ididn't
1182,possible
1184,how
1186,just
1188,what
1190,steel
1192,stilettos_goofing
1194,kashmir
1196,just
1198,can
1200,do
1202,funniest
1204,attacks_Akawu
1206,it
1208,driver_Ganassi_snarked
1210,KIM_CLIJSTERS_Yeah
1212,that
1214,world
1216,constipation
1218,%_#F########_9v.jsn
1220,it
1222,By_Poppapete_Comments
1224,is
1226,some
1228,do
1230,it
1232,obama
1234,QUESTION_Okay
1236,do
1238,vent_Gespass
1240,Lisa_Vorderbrueggen_covers
1242,aim
1244,roycimagala@hotmail.com
1246,%_#F########_7v.jsn
1248,any
1250,camps
1252,opposite
1254,you
1256,do
1258,I
1260,2
1262,it
1264,be
1266,do
1268,har
1270,Visit_www.gelending.com_clnews
1272,%_#F########_9v.jsn
1274,dear_madam
1276,boston.com_ae_movies
1278,constituency_Umoja
1280,why
1282,hesays
1284,language
1286,cant
1288,gay
1290,Zalasky_agrees
1292,dont't
1293,do
1295,Eating_healthily
1297,do
1299,payment
1301,hindu
1303,circumcision
1305,giddily_snapping
1307,Sorry_ma'am
1309,my
1311,genders
1313,do
1315,cooked
1317,gizmos_aplenty
1319,Maxine_Sis_Cluse
1321,amazon
1323,happens
1325,great
1327,election
1329,coding
1331,fermentation
1333,do
1335,pakistan
1337,just
1339,these
1341,By_Laurelle_Gilbert
1343,beginners
1345,army
1347,concentration_Petruzziello
1349,what
1351,have
1353,chemistry
1355,essence
1357,so
1359,pioneer_LaLanne
1361,dishes
1363,you
1365,not
1367,Foursquare_revamps
1369,I
1371,pi
1373,movies
1375,ban
1377,some
1379,away
1381,+
1383,can
1385,what
1387,say_Hey_feller
1389,gravity
1391,do
1393,the
1395,you
1397,Responded_Letterman_How
1399,chicken
1401,what
1403,science
1189,time
1406,Twitter_@_JasonClayworth
1408,really
1410,sisters
1412,boston.com_ae_movies
1414,some
1416,latency
1418,IGNOU_launches
1420,pandas
1422,textile
1424,fastest
1426,magnets
1428,what's
1430,fullest_DeLaCruz
1432,the
1434,tv
1436,BY_ANDY_THOMPSON
1438,how
1440,Twitter_@_JasonClayworth
1442,horror
1444,thing
1446,what
1448,purpose
1450,me
1452,weight
883,cashew_brittle
1455,just
1457,did
1459,so
1461,A.It_s
1463,hackers
1465,should
1467,see_www.smartmoney.com_commonsense
1469,mispronounced
1471,%_#F########_9v.jsn
1473,doctor
1475,MFI_LN
1477,you
1479,Ayumu_mom
1481,sentences
1483,parietal
1485,your
1487,vulnerable_Frangipane
1489,vent_Gespass
1491,Vatican_defrocks
1493,anyway
1495,Johnnie_Baston_die
1497,scarcity
1499,tamil
1501,do
1503,language
1505,ultimate
1507,how
1509,About_generica_Viagra_Viagra
1511,london
1513,answers
1515,should
1517,caste
1519,jawed
1521,FROM_TPP
1523,math
1525,so
1527,do
1529,anatomy
1531,guitar
1533,Banc_Intranets_BancWorks_Web
1535,I
1537,function
1539,socialism
1541,GUEST_guest_####
1543,sentence
1545,NOVAK_DJOKOVIC_Yeah
1547,money
1549,overrated
1551,do
1553,c
1555,I
1557,LiquidViagra
1559,IGNOU_launches
1561,do
1563,some
1565,trump
1567,pioneer_LaLanne
1569,i
1571,Barso_re
1573,cell
1575,so
1577,movement
1579,exam
1581,mythical
1583,vaginal
1585,weather
1587,now
1589,do
1591,pioneer_LaLanne
1593,Skipping_meals
1595,the
1597,going
1599,UDBKL
1601,I
1603,AJAR_applications
1605,what
1607,really
1609,%_#F########_9v.jsn
1611,robbery
1613,theory
1615,By_Laurelle_Gilbert
1617,wat_u
1619,gdp
1621,pioneer_LaLanne
1623,SERENA_WILLIAMS_Well
1625,By_Laurelle_Gilbert
1627,what
1629,soul
1631,%_#F########_9v.jsn
1633,do
1635,india
1637,gotta
1639,the
1641,what
1643,windows
1645,some
1647,why
1649,can
1651,you
1653,elective
1655,how
1657,%_#F########_9v.jsn
1659,neuro_degenerative_disorders
1661,love_veronica_Mars
1663,By_Christine_Fenno
1665,IGNOU_launches
1667,income
1669,just
1671,do
1673,i
1675,iphone
1677,score
1679,do
1681,one
1683,%_#F########_9v.jsn
1685,your
1687,slippery
1689,do
1691,what
1693,do
1695,cameras
1697,what's
1699,below_concisely_summarizes
1701,do
1703,the
1705,difference
1707,Hey_how'd
1709,concentration_Petruzziello
1711,%_#F########_9v.jsn
1713,how
1715,youā
1717,do
1719,%_#F########_9v.jsn
1721,do
1723,do
1725,the
1727,cheese
1729,constipation
1731,Postcode_lottery
1733,clinton
1735,the
1737,obstruct_petty_larceny
1739,KF_OOE
1741,the
1743,do
1745,love_veronica_Mars
1747,shares
1749,rupee
1751,sanctuary_DellaBianca
1753,There_Meineke_muffler
1755,Libra_constellation_Vogt
1757,%_#F########_9v.jsn
1759,Reitman_rewrote
1761,pioneer_LaLanne
1763,By_Jonas_Elmerraji
1765,By_Laurelle_Gilbert
1767,Hey_how'd
1769,thursday
1771,taller
1773,'ve
1775,just
1777,I
1779,just
1781,what
1783,do
1785,headhunters
1787,is
1789,differences
1791,scientifically
1793,contract
1795,moto
1797,snr
1799,riddles
1801,destruction_Billiot
1803,follow_BarkBoard.com_via
1805,love_veronica_Mars
1807,Iā
1809,the
1811,removed
1813,do
1815,lately
1817,do
1819,trolling
1821,I
1823,gizmos_aplenty
1825,you
1827,do
1829,muslims
1831,do
1833,Chick_flicks
1835,degree
1837,just
1839,meditating
1841,electromagnetic_flux
1843,bihar
1845,homeopathic
1847,what's
1849,BY_ANDY_THOMPSON
1851,number
1853,www.lvrj.com_columnists
1855,we
1857,how
1859,just
1861,why_Mee_hiccuped
1863,win
1865,iphones
1867,app
1869,ii_uncoated_woodfree
1871,caste
1873,do
1875,marks
1877,middle
1879,overdraft
1881,Visit_www.gelending.com_clnews
1883,medalists
1885,money
1887,capacitor
1889,%_#F########_9v.jsn
1891,what's
1893,taffy
1895,value
1897,do
1899,So_what'sa
1901,AltSounds
1903,misspell_Murkowski
1905,autism
1907,I'ma_late_bloomer
1909,dreams
1911,SheldenWilliams_@
1913,Ididn't
1915,lentils
1917,geometry_trigonometry
1919,weight
1921,kind
1923,fighter
1925,video
1927,I
1929,do
1931,relationship
1933,english
1935,%_#F########_9v.jsn
1937,exactly
1939,lions
1941,Twitter_@_JasonClayworth
1943,I
1945,%_#F########_9v.jsn
1947,imports
1949,how
1951,I'ma_Trekkie
1953,RedSn0w
1955,do
1957,dystopia
1959,concentration_Petruzziello
1961,it
1963,I
1965,deleted
1967,BY_ANDY_THOMPSON
1969,BY_ANDY_THOMPSON
1971,bi_directional_transformations
1973,do
1975,canada
1977,sanctuary_DellaBianca
1979,I
1981,do
1983,2g
1985,do
1987,trading
1989,my
1991,airglow
1993,song
1995,resave
1997,what
1999,your
2001,I
2003,it
2005,pioneer_LaLanne
2007,know_MyFace_Spacebook
2009,chances
2011,BY_ANDY_THOMPSON
2013,do
2015,binary
2017,music
2019,attacks_Akawu
2021,do
2023,scientology
2025,election
2027,samantharonson_@
2029,relativity
2031,heat
2033,plan
2035,do
2037,is
2039,KF_OOE
2041,movie
2043,Crave_Online_How
2045,he
2047,inconsistencies_Perino
2049,eat
2050,BY_ANDY_THOMPSON
2052,HOw
2054,blind
2056,do
2058,occur
2060,do
2062,mother
2064,iOTW_dictionary_CONTEST
2066,pioneer_LaLanne
2068,%_#F########_9v.jsn
2070,solidaristic
2072,is
2074,movies
2076,Visit_www.gelending.com_clnews
2078,everyday
2080,so
2082,i
2084,By_Jonas_Elmerraji
2086,By_Laurelle_Gilbert
2088,BY_ANDY_THOMPSON
2090,Who'm
2092,do
2094,outstanding_Dondina
2096,what
2098,titration
2100,sociopath
2102,users
2104,do
2106,anyway
2108,shopping
2110,what
2112,cect_u##_china
2114,KIM_CLIJSTERS_Yeah
2116,pioneer_LaLanne
2118,seo
2120,estate
2122,some
2124,williams
2126,%_#F########_9v.jsn
2128,trading
2130,%_#F########_9v.jsn
2132,%_#F########_3v.jsn
2134,neuroscience
2136,dildos
2138,BY_ANDY_THOMPSON
2140,salary
2142,pioneer_LaLanne
2144,HTD_app_here
2146,the
2148,%_#F########_9v.jsn
2150,just
2152,Maxine_Sis_Cluse
2154,do
2157,do
2159,safe
2161,you
2163,sperm
2165,the
2167,word
2169,do
2171,it
2173,color
2175,hillary
2177,blowjobs
2179,car
2181,you
2183,eps
2185,you
2187,cells
2189,%_2bname
2191,pioneer_LaLanne
2193,BY_ANDY_THOMPSON
2195,BY_ANDY_THOMPSON
2197,hate
2199,awake
2201,problem
2203,majors
2205,do
2207,life
2209,do
2211,learning
2213,are
2215,do
2217,this
2219,majors
2221,hack
2222,just
2224,sanctuary_DellaBianca
2226,happened
2228,google
2230,By_Laurelle_Gilbert
2232,so
2234,%_#F########_9v.jsn
2236,jesus
2238,EAGLE_COLO
2240,you
2242,window.open
2244,thing
2246,LISA_MICHALS_covers
2248,password
2250,do
2252,slashdotters
2254,were
2256,do
2258,%_#F########_9v.jsn
2260,dear_madam
2262,difference
2264,I
2266,dont
2268,%_#F########_9v.jsn
2270,reproductive
2272,it
2274,english
2276,do
2278,%_#F########_3v.jsn
2280,ever
2282,Volynskaya
2284,unhealthy
2286,boston.com_ae_movies
2288,Ayumu_mom
2290,countless_skin_grafts
2292,do
2294,By_Jonas_Elmerraji
2296,do
2298,happiness
2300,hetrosexual
2302,just
2304,actually
2306,you
2308,Rubble_piled
2310,men
2312,youtube
2314,do
2316,rehab
2318,spas
2320,Tasheka_Johnson
2322,do
2324,podcasts
2326,india
2328,%_#F########_9v.jsn
2330,do
2332,really
2334,any
2336,do
2338,DTBHJ
2340,password
2342,this
2344,BY_ANDY_THOMPSON
2346,DEAR_WW
2348,true
2350,not
2352,Lucille_Nielson
2354,antiseptic_creams
2356,samantharonson_@
2358,mission
2360,ways
2362,how
2364,do
2366,ask
2368,exam
2370,youā
2372,it
2374,do
2376,have
2378,BY_ANDY_THOMPSON
2380,it
2382,role
2384,I
2386,sentence
2388,india
2390,grapes_Vitis_vinifera_vinifera
2392,youā
2394,do
2396,what
2398,genetic
2400,Iā
2402,1Ghz
2404,firewall
2406,pioneer_LaLanne
2408,eu
2410,Jeanne_Clery_Disclosure
2412,temperature
2414,climb
2416,SeekingAffluent.com
2418,teach
2420,Chiddy_Bang_maybe
2422,KrisSrikkanth_says
2424,gujrat
2426,what
2428,Ohmigosh
2430,just
2432,%_#F########_9v.jsn
2434,LEDBURY_Proposed
2436,even
2438,english
2440,do
2442,why
2444,do
2446,do
2448,some
2450,do
2452,%_#F########_9v.jsn
2454,just
2456,There_Meineke_muffler
2458,Johnnie_Baston_die
2460,just
2462,youā
2464,i_####.##_subds
2466,By_Elise_Viebeck
2468,what
2470,thing
2472,what
2474,ever
2476,teacher
2478,web@uptrendseo.com
2480,Er_um
2482,there
2484,Visit_www.gelending.com_clnews
2486,footballer
2488,scariest
2490,%_#F########_9v.jsn
2492,anyway
2494,google_docs
2496,do
2498,BY_ANDY_THOMPSON
2500,concentration_Petruzziello
2502,honeymoon
2504,paranormal
2506,your
2508,rs
2510,assessment
2512,do
2514,what
2516,watch
2518,the
2520,socialist
2522,microsoft
2524,Johnnie_Baston_die
2526,By_Laurelle_Gilbert
2528,happen
2530,wifi
2532,spanish
2534,pakistan
2536,magnetic
2538,most
2540,%_#F########_9v.jsn
2542,^
2544,BY_ANDY_THOMPSON
2546,ii_Immtech_ability
2548,overbake
2550,do
2552,I
2554,what
2556,LISA_MICHALS_covers
2558,anyway
2560,india
2562,etiquettes
2564,rs
2566,do
2568,do
2570,der
2572,QI'ma
2574,less_sickly_butterscotch
2576,anime
2578,pioneer_LaLanne
2580,if
2582,ever
2584,Thecus_®_NAS
2586,it
2588,they
2590,Hey_how'd
2592,it
2594,anyway
2596,thing
2598,for
2600,By_Christina_Stymfal
2602,do
2604,thyristor
2606,By_Kat_Zeman
2608,it
2610,I
2612,iOTW_dictionary_CONTEST
2614,love_veronica_Mars
2616,%_#F########_3v.jsn
2618,BY_ANDY_THOMPSON
2620,what
2622,what
2624,for
2626,me
2628,I
2630,do
2632,KF_OOE
2634,what
2636,trump
2638,By_Joseph_Woelfel
2640,intuition
2642,bridal
2644,do
2646,pick
2648,By_Christine_Fenno
2650,the
2652,do
2654,Dave_Oshry
2656,world
2657,best
2659,do
2661,so
2663,%_#F########_9v.jsn
2665,phenotypic_differences
2667,NOVAK_DJOKOVIC_Yeah
2669,exhale_carbon_dioxide
2671,do
2673,so
2675,QUESTION_Okay
2677,there
2679,Foursquare_revamps
2681,here
2683,KBTX_deliver
2685,Paedophile_jailed
2687,obstruct_petty_larceny
2689,you
2691,acne
2693,actually
2695,pioneer_LaLanne
2697,do
2699,Sift_dry
2701,import
2703,hp
2705,Newswire_####-##-##
2707,you
2709,php
2711,best
2713,do
2715,how
2717,%_#F########_9v.jsn
2719,we
2721,psychopath
2723,i
2725,INSKEEP_Okay
2727,%_#F########_9v.jsn
2729,india
2731,+
2733,you
2735,$
2737,do
2739,actually
2740,border
2742,About_Dishing
2744,By_Christine_Fenno
2746,invest
2748,just
2750,it
2752,american
2754,the
2756,god
2758,do
2760,BY_ANDY_THOMPSON
2762,the
2764,why
2766,what's
2768,do
2770,sony
2772,By_Jonas_Elmerraji
2774,downloading
2776,invented
2778,ionic
2780,BY_ANDY_THOMPSON
2782,do
2784,hillary
2786,know
2788,%_#F########_9v.jsn
2790,TBO.com_Live
2792,do
2794,not
2796,do
2798,india
2800,routinely_misspell
2802,do
2804,grough_wants
2806,CONTRACTS_AWARDED
2808,pioneer_LaLanne
2810,identitiy
2812,bullshit
2814,much
2816,best
2818,you
2820,just
2822,do
2824,just
2826,it
2828,nato
2830,puzzles
2832,macbook
2834,your
2836,why
2838,alternatives
2840,it
2842,BY_ANDY_THOMPSON
2843,touchscreens
2845,japan
2848,quantum
2850,Jamal_al_Obaidi
2852,gear
2854,think
2856,uber
2858,Sorry_ma'am
2860,pioneer_LaLanne
2862,not
2864,Lavigne_cited_irreconcilable
2866,equation
2868,%_#F########_9v.jsn
2870,BY_ANDY_THOMPSON
2872,do
2874,you
2876,do
2878,fast
2880,biodiversity
2882,you
2884,you
2886,wildlife
2888,%_#F########_3v.jsn
2890,know_MyFace_Spacebook
2892,rupee
2894,gmail
2896,do
2898,spokeswoman_Ewa_Malmborg
2900,erectile
2902,Visit_www.scvngr.com
2904,just
2906,the
2908,stepgreat_great
2910,agriculture
2912,twitter
2914,BY_ANDY_THOMPSON
2916,should
2918,dilemma
2920,why_Mee_hiccuped
2923,justice_Nyongo
2925,it
2927,just
2929,happens
2931,Foursquare_revamps
2933,HOw
2935,quality
2937,jailbroken_iPad
2939,ceoforum.com.au_What
2941,the
2943,slaughter
2945,one
2947,steal
2949,what
2951,solidworks
2953,Nissan_Pathfinder_license_plates
2955,MFI_LN
2957,just
2959,my
2961,know
2963,shia
2965,kettle
2967,make
2969,what
2971,it
2973,hillary
2975,By_Jonas_Elmerraji
2977,cookie
2979,wat_ur
2981,just
2983,I
2985,english
2987,you
2989,do
2991,what
2993,dishes
2995,A.You
2997,supernatural
2999,digestion
3001,do
3003,theses
3005,CDMHY
3007,=
3009,Socialism_communism
3011,•_LA_CYGNE
3013,lymph
3015,shares
3017,just
3019,what's
3021,youā
3023,pizzas
3025,the
3027,pioneer_LaLanne
3029,wonders
3031,start
3033,do
3035,mes_amis
3037,love_veronica_Mars
3039,filmmaking
3041,defeatist
3043,BLATHER_1
3045,Skyhook_SDK
3047,will
3049,I
3051,i
3053,vent_Gespass
3055,vent_Gespass
3057,other
3059,usa
3061,it
3063,terminate
3065,I
3067,sustainable
3069,gunshot
3071,do
3073,not
3075,do
3077,honda
3079,acne
3081,just
3083,pioneer_LaLanne
3085,you
3087,SheldenWilliams_@
3089,my
3091,do
3093,Mike_Di_Filippo
3095,I
3097,THE_PRESIDENT_Yes
3099,BY_ANDY_THOMPSON
3101,computer
3103,just
3105,Situational_Awareness_What
3107,JeremyShockey_@
3109,purple_fuchsia
3111,humans
3113,pioneer_LaLanne
3115,do
3117,dont
3119,india
3122,movies
3124,Twitter_@_JasonClayworth
3126,plane
3128,cutoff
3130,pressure
3132,english
3134,australia
3136,it
3138,meat
3140,fights_fatso_gene
3142,KF_OOE
3144,do
3146,do
3148,heck_Freytag
3150,difference
3152,misspell_Murkowski
3154,Berretta_leaned_forward
3156,warming
3158,jailbroken_iPad
3160,just
3162,youā
3164,not
3166,just
3168,do
3170,the
3172,coke
3174,addicted
3176,undefined
3178,I
3180,best
3182,i_realy
3184,what
3186,not
3188,Hyperlink_reference
3190,there
3192,LISA_MICHALS_covers
3194,do
3196,implants
3198,the
3200,%_#F########_7v.jsn
3202,just
3204,cons
3206,misspell_Murkowski
3208,just
3210,some
3212,watts
3214,Johnnie_Baston_die
3216,By_Jonas_Elmerraji
3218,do
3220,bollywood
3222,really
3224,word
3226,bluestone
3228,do
3230,thwarts_pirate
3232,political
3234,nursery
3236,MARIA_SHARAPOVA_Uhm
3238,earth
3240,%_#F########_7v.jsn
3242,you
3244,Mike_Di_Filippo
3246,youā
3248,eggs
3250,no
3252,my
3254,Sorry_ma'am
3256,pan
3258,eaters
3260,I
3262,Visit_www.gelending.com_clnews
3263,do
3265,'ve
3267,do
3269,steel
3271,it
3273,ranch
3275,really
3277,libertarian
3279,do
3281,I
3283,%_#F########_9v.jsn
3285,do
3287,we
3289,do
3291,women
3293,the
3295,calories
3297,know_MyFace_Spacebook
3299,much
3301,math
3303,it
3305,my
3307,moderation
3309,meditation
3311,I
3313,%_#F########_9v.jsn
3315,%_#F########_9v.jsn
3317,policy
3319,swimming
3321,next
3323,By_Jonas_Elmerraji
3325,do
3327,language
3329,warming
3331,pioneer_LaLanne
3333,so
3335,Socialism_communism
3337,why
3339,caste
3341,SECRETARY_RICE_Yeah
3343,difference
3345,ammeter
3347,some
3349,youā
3351,QUESTIONS_Have
3353,Crave_Online_How
3355,if
3357,now
3359,role
3361,sanctuary_DellaBianca
3363,just
3365,do
3367,do
3369,reinstall_XP
3371,the
3373,do
3375,civilization
3377,%_#F########_9v.jsn
3379,CONTRACTS_AWARDED
3381,names
3383,carbon
3385,Situational_Awareness_What
3387,humor_Jena_Elayan
3389,hesays
3391,smart
3393,you
3395,topics
3397,love_veronica_Mars
3399,just
3401,By_Laurelle_Gilbert
3403,resume
3405,download
3407,you
3409,the
3411,do
3413,cup
3415,do
3417,%_#F########_9v.jsn
3419,can
3421,%_#F########_7v.jsn
3423,do
3425,just
3427,paycheck_Jostes
3429,Twitter_@_JasonClayworth
3431,training
3433,so
3435,By_Laurelle_Gilbert
3437,not
3439,youā
3441,it
3443,the
3445,do
3447,Rinse_thoroughly
3449,family
3451,courses
3453,good
3455,visit_www.coremetrics.com_privacy
3457,slowly_Jasny
3459,do
3461,BY_ANDY_THOMPSON
3463,do
3465,just
3467,not
3469,do
3471,do
3473,misspell_Murkowski
3475,sq
3477,tata
3479,in
3481,rishi
3483,can
3485,just
3488,AltSounds
3490,you
3492,you
3494,parks
3496,apps
3498,VENUS_WILLIAMS_Yeah
3500,you
3502,the
3504,do
3506,your
3508,just
3510,just
3512,english
3514,pioneer_LaLanne
3516,in
3518,can
3520,do
3522,YouTube_vids
3524,chase_broads
3526,VacTell_TM_video
3528,gtx
3530,do
3532,vagina
3534,them
3536,KF_OOE
3538,dear_madam
3540,do
3542,does
877,rupee
3545,inpatient
3547,ROVE_Well
3549,Spay_neuter_clinic
3551,love_veronica_Mars
3553,%_#F########_9v.jsn
3555,VENUS_WILLIAMS_Yeah
3557,do
3559,dadgum_ballgame
3561,how
3563,doe
3565,do
3567,Kailas_Gheewala
3569,pancakes_sausage_orange_juice
3571,i
3573,drink
3575,do
3577,I
3579,TWST_Are
3581,death
3583,By_Elise_Viebeck
3585,india
3587,do
3589,wineries
3591,the
3593,destination
3595,do
3597,iphone
3599,just
3601,love_veronica_Mars
3603,JeremyShockey_@
3605,I
3607,love_veronica_Mars
3609,ss
3611,%_#F########_9v.jsn
3613,do
3615,Kinda_creepy
3617,By_Laurelle_Gilbert
3619,gas
3621,rehab
3623,I
3625,shower
3627,deactivate
3629,super
3631,what
3633,love_veronica_Mars
3635,diet
3637,responded_Borgella
3639,java
3641,is
3643,%_#F########_7v.jsn
3645,cases
3647,area
3649,pioneer_LaLanne
3651,projector
3653,good
3655,you
3657,pioneer_LaLanne
3659,namespace
3661,hitler
3663,what's
3665,Website_www.citizen_news.org
3667,phone
3669,%_#F########_3v.jsn
3671,do
3673,do
3675,SATA_6Gbit/sec
3677,types
3679,%_#F########_9v.jsn
3681,about
3683,australian
3685,%_#F########_9v.jsn
3687,b
3689,irreversible
3691,effects
3693,ethnicities
3695,THE_PRESIDENT_Yes
3697,different
3699,you
3701,transgender
3703,how
3705,do
3707,JELENA_JANKOVIC_Yeah
3709,what
3711,not
3713,droid_x
3715,advantages
3717,%_#F########_9v.jsn
3719,enforcement
3721,do
3723,humanity
3725,what
3727,just
3729,radio
3731,culture
3733,revolution
3735,loss
3737,what
3739,mangoes
3741,can
3743,what
3745,%_#F########_9v.jsn
3747,%_#F########_9v.jsn
3749,By_Laurelle_Gilbert
3751,that
3753,the
3755,difference
3757,Puh_lease_gimme
3759,do
3761,Std_msg_charges
3763,war
3765,psychology
3767,you
3769,Watch_Jayni_online
3771,it
2437,women
3774,the
3776,sell
3778,Meteorologist_Christopher_Juckins
3780,Situational_Awareness_What
3782,recyclable_compostable
3784,so
3786,universe
3788,railways
3790,funniest
3792,that
3794,just
3796,transgender
3798,exam
3800,misspell_Murkowski
3802,blogs
3804,ASSISTANT_SECRETARY_POSNER
3807,gadgets
3809,debris
3811,god
3813,tax
3815,thats
3817,I
3819,just
3821,do
3823,Blast_flattens_Colo.
3825,you
3827,alpha
3829,By_CITIZEN_STAFF
3831,malaysia
3833,brahmins
3835,why
3837,do
3839,do
3841,cheapest
3843,salary
3845,pioneer_LaLanne
3847,you
3849,your
3851,MARIA_SHARAPOVA_Uhm
3853,www.geospaceinc.com
3855,%_#F########_9v.jsn
3857,you
3859,server
3861,you
3863,really
3865,do
3867,iphones
3869,DealTaker.com_coupon
3871,trustworthy
3873,do
3876,%_#F########_9v.jsn
3878,%_#F########_7v.jsn
3880,microbiology
3882,samantharonson_@
3884,By_Jonas_Elmerraji
3886,do
3888,By_Elise_Viebeck
3890,do
3892,territories
3894,courtney_cox
3896,best
3898,india
3900,england
3902,I
3904,Iā
3906,just
3908,pioneer_LaLanne
3910,spokesman_Lee_Somerstein
3912,just
3914,are
3916,do
3918,number_SS#####
3920,that
3922,%_#F########_9v.jsn
3924,do
3926,do
3928,spaces
3930,sanctuary_DellaBianca
3932,%_#F########_9v.jsn
3934,trends
3936,you
3938,I
3940,RUSH_Yeah
3942,hashtag
3944,penis
3946,do
3947,you
3949,you
3951,nickel
3953,dynamo
3955,BY_ANDY_THOMPSON
3957,Maxine_Sis_Cluse
3959,mumbai
3961,slowly_Jasny
3963,not
3965,do
3967,concentration_Petruzziello
3969,samantharonson_@
3971,recent_Buzzblog_items
3973,gen
3975,where
3977,marriage
2,step
4,sanctuary_DellaBianca
6,Earn_Rs.####_daily
8,math
10,salt
12,just
14,INCLUDES_previously_unreleased
16,do
18,do
20,tmo
22,By_Jonas_Elmerraji
24,I
26,you
28,%_#F########_9v.jsn
30,%_#F########_9v.jsn
32,%_#F########_9v.jsn
34,does
36,really
38,do
40,IGNOU_launches
42,rockets
44,do
46,ask
48,S5_Coupe
50,just
52,%_#F########_9v.jsn
54,framework
56,do
58,what
60,not
62,do
64,just
66,Johnnie_Baston_die
68,mso_font_pitch
70,what
72,guns
74,I
76,I
78,do
80,do
82,legs
84,tomorrow_Camardelle
86,day
88,kid
90,By_Laurelle_Gilbert
92,we
94,descriptions
96,girl
98,oil
100,how
102,i_####.##_subds
104,dvd
106,aerodynamically
108,moistest
110,I
112,do
114,Dear_Harriette_My
116,most_Clay_countians
118,my
120,do
122,torrents
124,%_#F########_9v.jsn
126,i_####.##_subds
128,do
130,samantharonson_@
132,conjugate_verb
134,do
136,it
138,testing
140,%_#F########_9v.jsn
142,all
144,narcissistic
146,english
148,quickbooks
150,gambler
152,do
154,cancer
156,david.brewster_@_crosscut.com
158,things
160,life
162,not
164,it
166,youā
168,do
170,%_#F########_3v.jsn
172,height
174,earthquake
176,honest
178,gaming
180,%_#F########_9v.jsn
182,includes_searchable_printable
184,E_mail_heyjen@phillynews.com
186,ever
188,real
190,expressionism
192,printing
194,those
196,horcrux
198,product
200,droid_x
202,pakistan
204,how
206,UDBKL
208,fiction
210,HOw
212,BY_ANDY_THOMPSON
214,hacked
216,difference
218,weā
220,Joan_Brunwasser_Page
222,subtitles
224,world
226,just
228,do
230,it
232,do
234,girls
236,how
238,do
240,cheapest
242,need
244,%_#F########_9v.jsn
246,%_#F########_7v.jsn
248,what
250,why_Mee_hiccuped
252,china
254,the
256,vitamin
258,%_#F########_9v.jsn
260,india
262,mantra
264,course
266,you
268,am
270,cord
272,people
274,not
276,cells
278,pioneer_LaLanne
280,retirement
282,%_#F########_9v.jsn
284,do
286,pioneer_LaLanne
288,finite
290,Educate_yourselves
292,options
294,there
296,%_#F########_9v.jsn
298,just
300,rabies_inoculations
302,the
304,do
306,red
308,you
310,I
312,if
314,boston.com_ae_movies
316,samantharonson_@
318,moderator
320,question
322,funniest
324,samantharonson_@
326,THE_PRESIDENT_Yes
328,know_MyFace_Spacebook
330,paypal
332,earphones
334,apply
336,speak
338,best
340,speak_unpleasant_truths
342,paycheck_Jostes
344,christians
346,Johnnie_Baston_die
348,mythology
350,apple
352,income
354,actually
356,A.You
358,do
360,humans
362,deleted
364,do
366,they
368,do
370,tmo
372,battle
374,%_#F########_9v.jsn
376,eye
378,do
380,samantharonson_@
382,better
384,Er_um
386,lord
388,course
390,pioneer_LaLanne
392,it
394,do
396,watch
398,chinese
400,BY_ANDY_THOMPSON
402,what
404,do
406,it
408,RUSH_Yeah
410,do
412,not
414,jack
416,robes
418,TEXOMA_Water
420,important
422,pioneer_LaLanne
424,antenna
426,duke
428,listing
430,fun
432,neutrons
434,gpa
436,binary
438,just
440,Visit_www.gelending.com_clnews
442,earn
444,what's
446,it
448,DTV_PCTV_DVR
450,jackpot
452,do
454,love_veronica_Mars
456,digestion
458,direction_Ditcharo
460,do
462,champion
464,unboiled_water
466,lakes
468,Crave_Online_Did
470,%_#F########_9v.jsn
472,do
474,pup
476,jump
478,BY_ANDY_THOMPSON
480,repetition_repetition_repetition
482,temperament
484,5
486,anyway
488,%_#F########_9v.jsn
490,Artificial_photosynthesis
492,publish
494,bloomberg
496,flash
498,next
500,what
502,my
504,diagnose
506,just
508,qualities
510,exactly
512,india
514,do
516,AWell
518,hindus
520,ticket
522,BY_ANDY_THOMPSON
524,I
526,%_#F########_9v.jsn
528,do
529,squats
531,just
533,just
535,just
537,I
539,I
541,Itll
543,do
545,anyway
547,do
549,do
551,MediaBlvd_How
553,pioneer_LaLanne
555,do
557,cotton
559,marrow
561,they
563,it
565,I
567,%_#F########_9v.jsn
569,do
571,leannrimes_@
573,how
575,pakistan
577,you
579,it
581,BY_ANDY_THOMPSON
583,universe
585,what
587,much
589,you
591,the
593,concentric
595,Rafe_Radar
597,uSocial.net_s
599,what's
601,CONTRACTS_AWARDED
603,deposits
605,do
607,do
609,movie
611,love_veronica_Mars
613,what
615,%_#F########_9v.jsn
617,memorizing_formulas
619,you
621,iphone
623,you
625,just
627,mezzo
629,you
631,trigonometry
633,do
635,countries
637,billionaire
639,Visit_www.gelending.com_clnews
641,By_Christina_Stymfal
643,By_Kat_Zeman
645,philosophical
647,animals
649,it
651,HOw
654,pioneer_LaLanne
656,journalism
658,I
660,do
662,AWell
664,difference
666,JANE_SAYS
668,BrokeAss_Blog_Need
670,reason
672,does
674,pioneer_LaLanne
676,iphone
678,do
680,language
682,earthquake
684,jennifer
686,really
688,misspell_Murkowski
690,just
692,phones
694,do
696,ever
698,Why_couldn'tI
700,letter
702,courses
704,droid_x
707,do
709,%_#F########_9v.jsn
711,CityTownInfo
713,Sayonara_Davey
715,By_Laurelle_Gilbert
717,racist
719,between
721,canada
723,=_strlen
725,youā
727,do
729,i
731,wat_u
733,anyway
735,what
737,guys
739,live
741,DEAR_RHONA
743,just
745,do
747,breath
749,I
751,in
753,concentration_Petruzziello
755,reliable
757,cure
759,the
761,I
763,jailbroken_iPad
765,do
767,globally
769,emoticons
771,cr
773,pioneer_LaLanne
775,scientists
777,office
779,BY_ANDY_THOMPSON
781,tamil
783,offshore
785,do
787,do
789,is
791,@_kiranchetrycnn_@
793,Q._RealityWanted.com
795,SERENA_WILLIAMS_Well
797,hair
799,%_#F########_9v.jsn
801,pioneer_LaLanne
803,tea
805,for
807,fetus
809,incest
811,me
813,%_#F########_7v.jsn
815,C'est_Vrai_means
817,you
819,life
821,know_MyFace_Spacebook
823,there
825,geography
827,Ayumu_mom
829,just
831,is
833,hunter
835,you
837,shouldn't
839,how
841,your
843,actually
845,%_#F########_9v.jsn
847,channels
849,I
851,hostel
853,Diversions_Coming
855,eat
857,droid_x
859,clinton
861,do
863,english
865,portuguese
867,Tabassum_Mughal_young
869,satire
871,2
873,do
875,jennajameson_@
879,do
881,I
885,mit
887,what
889,iran
891,it
893,least
895,sure_theyâ
897,my
899,faster
901,pioneer_LaLanne
903,data
905,need
907,what
909,SheldenWilliams_@
911,really
913,Visit_www.scvngr.com
915,do
917,amazon
919,india
921,reading
923,do
925,love
927,better
929,you
931,what
933,Watch_Jayni_online
935,mountaineering
937,VENUS_WILLIAMS_Yeah
939,bank
941,story
943,dimensions
945,KIM_CLIJSTERS_Yeah
947,NOVAK_DJOKOVIC_Yeah
949,scientifically
951,reversed
953,I
955,gravitational
957,not
959,Website_www.citizen_news.org
961,pounds
963,end
965,red
967,pioneer_LaLanne
969,factors
971,exe
973,By_Sharon##_Comments
975,what
977,rahul
979,MCCORMACK_Good
981,comets
983,unrefrigerated
985,tricks
987,uk
989,painting
991,Snowstorm_closes
993,space
995,hair
997,cultures
999,not
1001,great
1003,iii
1005,the
1007,policemen_al_Jubouri
1009,crop
1011,do
1013,virus
1015,do
1017,future
1019,google
1021,do
1023,flowers
1025,the
1027,irritability
1029,macbook
1031,dysfunction_Zada
1033,Peaceful_coexistence
1035,scrapers
1037,cameras
1039,eat
1041,routinely_misspell
1043,do
1045,just
1047,me
1049,sprain
1051,dreaded_laminitis
1053,places
1055,By_Jonas_Elmerraji
1057,love_veronica_Mars
1059,do
1061,love_veronica_Mars
1063,fuller_rotational
1065,write
1067,step
1069,you
1071,actually
1073,%_#F########_9v.jsn
1075,nintendo
1077,cheap
1079,moves_hirings_poachings
1081,jailbroken_iPad
1083,By_Jonas_Elmerraji
1085,IGNOU_launches
1087,DEAR_FED_UP
1089,not
1091,love_veronica_Mars
1093,hack
1095,usc
1097,what
1099,apps
1101,%_#F########_9v.jsn
1103,the
1105,AWell
1107,anyway
1109,Crave_Online_Did
1111,transaction
1113,Mike_Di_Filippo
1115,do
1117,most
1119,Johnnie_Baston_die
1121,KF_OOE
1123,questions
1125,can
1127,dont't
1129,By_James_CREEDON
1131,know_MyFace_Spacebook
1133,pioneer_LaLanne
1135,do
1137,happen
1139,I
1141,for
1143,Zapping_nerves_helps
1145,sex
1147,do
1149,solar
1151,now
1153,do
1155,do
1157,just
1159,Don'tI_deserve
1161,want
1163,how
1165,do
1167,how
1169,playstation
1171,porn
1173,just
1175,Visit_www.gelending.com_clnews
1177,future
1179,do
1181,boyfriend
1183,do
1185,do
1187,pioneer_LaLanne
1191,steel
1193,AWell
1195,By_Elise_Viebeck
1197,just
1199,do
1201,web
1203,Chiddy_Bang_maybe
1205,phenotype
1207,do
1209,celebrity
1211,ear
1213,do
1215,than
1217,constipation
1219,%_#F########_9v.jsn
1221,even
1223,By_Poppapete_Comments
1225,supportive
1227,what
1229,what
1231,you
1233,obama
1235,haven
1237,can
1239,Logue_typed
1241,Lisa_Vorderbrueggen_covers
1243,science
1245,PR@bearvalleynews.com
1247,here
1249,any
1251,camps
1253,opposite
1255,you
1257,do
1259,I
1261,5
1263,anyway
1265,canonical
1267,do
1269,By_Yoo_Cheong
1271,Visit_www.gelending.com_clnews
1273,%_#F########_9v.jsn
1275,dear_madam
1277,www.lvrj.com_columnists
1279,%_#F########_9v.jsn
1281,do
1283,%_#F########_9v.jsn
1285,Python_programming
1287,I
1289,gay
1291,just
1294,I
1296,it
1298,AdrianneCurry_@
1300,BY_ANDY_THOMPSON
1302,why
1304,circumcision
1306,JeremyShockey_@
1308,do
1310,how
1312,gender
1314,do
1316,not
1318,gizmos_aplenty
1320,not
1322,below_concisely_summarizes
1324,happens
1326,cup
1328,rigged
1330,it
1332,fermented
1334,do
1336,pakistan
1338,iOTW_dictionary_CONTEST
1340,some
1342,officer_Laneau
1344,how
1346,the
1348,rs
1350,what
1352,love_veronica_Mars
1354,for
1356,enlightenment
1358,do
1360,you
1362,By_Jonas_Elmerraji
1364,usa
1366,have
1368,interface
1370,I
1372,pi
1374,your
1376,rs
1378,photo
1380,just
1382,modifiers
1384,not
1386,that
1388,say_Hey_feller
1390,gravity
1392,crooks_sociopaths
1394,the
1396,do
1398,pitbulls
1400,meat
1402,what
1404,computer
1405,that
1407,astrologers
1409,do
1411,do
1413,HTD_app_here
1415,death
1417,wired_ethernet
1419,SheldenWilliams_@
1421,pandas
1423,textile
1425,silly_Billen
1427,magnets
1429,true
1431,it
1433,BY_ANDY_THOMPSON
1435,Thereare
1437,neolithic
1439,just
1441,hacker
1443,horror
1445,thing
1447,why
1449,what
1451,me
1453,weight
1454,taffy
1456,mexico
1458,it
1460,BY_ANDY_THOMPSON
1462,do
1464,hacker
1466,do
1468,the
1470,mispronounced
1472,girls
1474,it
1476,paint
1478,do
1480,Ayumu_mom
1482,routinely_misspell
1484,do
1486,pioneer_LaLanne
1488,vulnerable_Frangipane
1490,BY_ANDY_THOMPSON
1492,%_#F########_9v.jsn
1494,love_veronica_Mars
1496,Johnnie_Baston_die
1498,%_#F########_9v.jsn
1500,tamil
1502,you
1504,you
1506,humanity
1508,calculate
1510,dont
1512,BY_ANDY_THOMPSON
1514,how
1516,what's
1518,caste
1520,you
1522,germany
1524,x
1526,ÔWhat
1528,what
1530,x_###mm_WDH
1532,guitar
1534,Banc_Intranets_BancWorks_Web
1536,love_veronica_Mars
1538,programming
1540,socialism
1542,password
1544,sentence
1546,youā
1548,money
1550,overrated
1552,Visit_www.gelending.com_clnews
1554,c
1556,By_Jonas_Elmerraji
1558,the
1560,IGNOU_launches
1562,BY_ANDY_THOMPSON
1564,that
1566,MCCONNELL_Well
1568,pioneer_LaLanne
1570,i
1572,vent_Gespass
1574,cells
1576,evidence
1578,movement
1580,memorizing_facts
1582,creatures
1584,anybody_Aidala
1586,winter
1588,now
1590,I
1592,pioneer_LaLanne
1594,calories
1596,the
1598,%_#F########_9v.jsn
1600,%_#F########_9v.jsn
1602,do
1604,Foursquare_revamps
1606,what
1608,I
1610,%_#F########_9v.jsn
1612,robbery
1614,theory
1616,IGNOU_launches
1618,mr
1620,significance
1622,should
1624,do
1626,cure
1628,Iā
1630,soul
1632,%_#F########_9v.jsn
1634,misspell_Murkowski
1636,india
1638,you
1640,the
1642,working
1644,droid_x
1646,good
1648,drums
1650,do
1652,you
1654,elective
1656,do
1658,virtual
1660,immune
1662,love_veronica_Mars
1664,IGNOU_launches
1666,IGNOU_launches
1668,income
1670,just
1672,do
1674,love_veronica_Mars
1676,iphone
1678,troops
1680,I
1682,would
1684,do
1686,I
1688,iReport.com_Are
1690,way
1692,use
1694,do
1696,A.It_s
1698,i
1700,the
1702,I
1704,weather
1706,hdd
1708,Holy_geez
1710,we
1712,IGNOU_launches
1714,do
1716,sim
1718,do
1720,do
1722,E_mail_heyjen@phillynews.com
1724,%_#F########_9v.jsn
1726,pioneer_LaLanne
1728,cheese
1730,constipation
1732,warranty
1734,clinton
1736,want
1738,samantharonson_@
1740,By_Christine_Fenno
1742,the
1744,do
1746,i
1748,shares
1750,spokeswoman_Ewa_Malmborg
1752,do
1754,customized
1756,%_#F########_9v.jsn
1758,BY_ANDY_THOMPSON
1760,Reitman_rewrote
1762,pioneer_LaLanne
1764,%_#F########_9v.jsn
1766,By_Christine_Fenno
1768,SERENA_WILLIAMS_Well
1770,why
1772,you
1774,do
1776,pioneer_LaLanne
1778,I
1780,rs
1782,ask
1784,do
1786,headhunters
1788,rabies
1790,ropeway
1792,scientifically
1794,why
1796,google_chrome
1798,do
1800,batman
1802,KIM_CLIJSTERS_Yeah
1804,I
1806,love_veronica_Mars
1808,Cons_Expensive
1810,SYVJ
1812,tata
1814,insurance
1816,I
1818,do
1820,blackouts
1822,payment
1824,so
1826,you
1828,do
1830,muslims
1832,do
1834,Chick_flicks
1836,%_#F########_9v.jsn
1838,iPad_myAgent_IDX
1840,actually
1842,energy
1844,Meghalaya_CM
1846,medicines
1848,player
1850,logistics
1852,wikileaks
1854,www.lvrj.com_columnists
1856,we
1858,long
1860,just
1862,June_Ribard
1864,do
1866,iphone
1868,geotag_photos
1870,online
1872,By_Elise_Viebeck
1874,Sorry_ma'am
1876,my
1878,seo
1880,overdraft
1882,techniques
1884,Oludamola_stripped
1886,can
1888,capacitor
1890,CONTRACTS_AWARDED
1892,BY_ANDY_THOMPSON
1894,taffy
1896,zero
1898,do
1900,really
1902,vent_Gespass
1904,anyway
1906,autism
1908,I'ma_late_bloomer
1910,dream
1912,$
1914,Ididn't
1916,eating
1918,how
1920,weight
1922,kind
1924,online
1926,it
1928,I
1930,person
1932,relationships
1934,english
1936,pioneer_LaLanne
1938,exactly
1940,express
1942,Twitter_@_JasonClayworth
1944,BY_ANDY_THOMPSON
1946,%_#F########_9v.jsn
1948,imports
1950,other
1952,watch
1954,jailbroken_iPad
1956,microsoft
1958,pioneer_LaLanne
1960,%_#F########_9v.jsn
1962,it
1964,so
1966,deleted
1968,customer
1970,prepaid_reloadable
1972,agile
1974,do
1976,i
1978,what
1980,blood
1982,experiences
1984,what
1986,I
1988,business
1990,By_Jonas_Elmerraji
1992,airglow
1994,diving
1996,resave
1998,E_mail_heyjen@phillynews.com
2000,your
2002,willing
2004,do
2006,pioneer_LaLanne
2008,messenger
2010,possibility
2012,love_veronica_Mars
2014,Laura_Schlessinger_shifts
2016,binary
2018,classical
2020,don'tknow
2022,science
2024,scientology
2026,election
2028,love_veronica_Mars
2030,%_#F########_9v.jsn
2032,heat
2034,UDBKL
2036,do
2038,pay
2040,algebraic_formula
2042,you
2044,Crave_Online_How
2046,his
2048,intestinal_obstructions
2051,integrated_Rare_Earths
2053,do
2055,blind
2057,you
2059,that
2061,do
2063,didn_t
2065,biology
2067,the
2069,%_#F########_9v.jsn
2071,humans
2073,have
2075,bollywood
2077,Visit_www.gelending.com_clnews
2079,reactions
2081,constitution
2083,do
2085,Random_Password_Generator
2087,Maxine_Sis_Cluse
2089,the
2091,do
2093,do
2095,EAGLE_COLO
2097,we
2099,pipettes
2101,sociopath
2103,did
2105,pioneer_LaLanne
2107,just
2109,shopping
2111,greatest
2113,Sincerely_La_Linea
2115,=====_====
2117,THE_PRESIDENT_Yes
2119,seo
2121,AWell
2123,lvrj.com_blogs_smith
2125,jake
2127,do
2129,do
2131,gif
2133,PETER_PASSI_covers
2135,%_#F########_9v.jsn
2137,the
2139,philly
2141,salary
2143,bandaged_stump
2145,can
2147,many
2149,%_#F########_9v.jsn
2151,have
2153,one
2155,%_#F########_9v.jsn
2156,do
2158,what
2160,Exercise_releases_endorphins
2162,internals
2164,sperm
2166,all
2168,routinely_misspell
2170,you
2172,your
2174,color
2176,hillary
2178,do
2180,do
2182,do
2184,love_veronica_Mars
2186,do
2188,totipotent
2190,BY_ANDY_THOMPSON
2192,love_veronica_Mars
2194,BY_ANDY_THOMPSON
2196,BY_ANDY_THOMPSON
2198,russians
2200,they
2202,problem
2204,majors
2206,do
2208,you
2210,what
2212,learning
2214,examples
2216,caliphate
2218,do
2220,majors
2223,just
2225,concentration_Petruzziello
2227,pioneer_LaLanne
2229,google
2231,%_#F########_9v.jsn
2233,intelligent_lifebuoy
2235,people
2237,jesus
2239,%_#F########_9v.jsn
2241,can
2243,8pen
2245,thing
2247,LISA_MICHALS_covers
2249,password
2251,anyway
2253,hacker
2255,gods
2257,why
2259,Rinse_thoroughly
2261,dear_madam
2263,growth
2265,I
2267,i
2269,ever
2271,do
2273,it
2275,english
2277,do
2279,txt_file
2281,video
2283,droid_x
2285,fried
2287,it
2289,pioneer_LaLanne
2291,KIM_CLIJSTERS_Yeah
2293,you
2295,love_veronica_Mars
2297,seo
2299,happiness
2301,I
2303,lose
2305,what
2307,I
2309,your
2311,women
2313,do
2315,just
2317,rehab
2319,just
2321,Tasheka_Johnson
2323,I
2325,best
2327,muslims
2329,%_#F########_9v.jsn
2331,do
2333,pioneer_LaLanne
2335,happened
2337,do
2339,bollywood
2341,password
2343,this
2345,BY_ANDY_THOMPSON
2347,just
2349,that
2351,you
2353,the
2355,By_Laurelle_Gilbert
2357,routinely_misspell
2359,your
2361,pioneer_LaLanne
2363,%_#F########_9v.jsn
2365,you
2367,ask
2369,exam
2371,youā
2373,it
2375,just
2377,have
2379,hello
2381,Mike_Di_Filippo
2383,role
2385,proofread
2387,sentence
2389,thats
2391,fruity_sweetness
2393,macbook_pro
2395,expanding
2397,do
2399,you
2401,nights
2403,ghz
2405,spokeswoman_Ewa_Malmborg
2407,tiles
2409,uk
2411,Jeanne_Clery_Disclosure
2413,temperature
2415,everest
2417,youā
2419,KF_OOE
2421,Chiddy_Bang_maybe
2423,you
2425,Forgiving_Merciful
2427,goals
2429,Ohmigosh
2431,just
2433,so
2435,california
2439,english
2441,what
2443,why
2445,oh
2447,RUSH_Yeah
2449,these
2451,advice
2453,%_#F########_9v.jsn
2455,NOVAK_DJOKOVIC_Yeah
2457,CIT_Reichwald
2459,Johnnie_Baston_die
2461,BY_ANDY_THOMPSON
2463,do
2465,pioneer_LaLanne
2467,do
2469,can
2471,thing
2473,THE_PRESIDENT_Yes
2475,that
2477,teachers
2479,just
2481,I
2483,the
2485,do
2487,footballer
2489,scariest
2491,adviser_Minyon_Moore
2493,it
2495,so
2497,google
2499,the
2501,what's
2503,here
2505,actually
2507,you
2509,rupee
2511,assessment
2513,just
2515,you
2517,watch
2519,the
2521,By_Elise_Viebeck
2523,the
2525,do
2527,landforms
2529,happen
2531,wifi
2533,spain
2535,iran
2537,magnetic
2539,most
2541,Narrowly_focused
2543,^
2545,anyway
2547,it
2549,overbake
2551,do
2553,do
2555,language
2557,healthy
2559,what
2561,easiest
2563,etiquette
2565,rs
2567,painless
2569,do
2571,dem
2573,house_Margo_McCulley
2575,Johnnie_Baston_die
2577,anime
2579,it
2581,probably
2583,just
2585,my
2587,microsoft
2589,love_veronica_Mars
2591,Hey_how'd
2593,it
2595,Sorry_ma'am
2597,thing
2599,good
2601,Johnnie_Baston_die
2603,ask
2605,purpose
2607,actually
2609,egg
2611,rehab
2613,kong
2615,THE_PRESIDENT_Yes
2617,Ayumu_mom
2619,what
2621,what
2623,be
2625,for
2627,I
2629,I
2631,do
2633,%_#F########_9v.jsn
2635,Visit_www.gelending.com_clnews
2637,trojan
2639,Tell_Squawk_Box
2641,intuition
2643,%_#F########_9v.jsn
2645,ZAIN_SHAUK_covers
2647,me
2649,not
2651,swan
2653,do
2655,xbox
2658,is
2660,do
2662,personalities
2664,you
2666,cells
2668,hai
2670,poision
2672,speak_unpleasant_truths
2674,HOw
2676,rupee
2678,those
2680,%_#F########_9v.jsn
2682,Archived_appearances
2684,do
2686,RUSH_Yeah
2688,outguess_God
2690,the
2692,do
2694,extrasolar_worlds
2696,really
2698,best
2700,Adjust_seasoning
2702,export
2704,hp
2706,google
2708,you
2710,india
2712,the
2714,NOVAK_DJOKOVIC_Yeah
2716,what
2718,'ve
2720,do
2722,al
2724,NOVAK_DJOKOVIC_Yeah
2726,Abu_Hani
2728,%_#F########_9v.jsn
2730,KF_OOE
2732,constants
2734,you
2736,Distances_vary
2738,do
2741,anyway
2743,About_Dishing
2745,constituency_Umoja
2747,love_veronica_Mars
2749,they
2751,what
2753,China_quarantined_planeloads
2755,should
2757,god
2759,so
2761,fountain
2763,the
2765,why
2767,do
2769,do
2771,droid_x
2773,fluency_comprehension
2775,itunes
2777,finger
2779,youā
2781,gifts
2783,do
2785,hillary
2787,know
2789,you
2791,TBO.com_Live
2793,do
2795,pioneer_LaLanne
2797,do
2799,constitution
2801,samantharonson_@
2803,do
2805,do
2807,jan
2809,pioneer_LaLanne
2811,passports
2813,ethics
2815,microsoft
2817,hollywood
2819,I
2821,that
2823,do
2825,do
2827,it
2829,russia
2831,sudoku
2833,i
2835,theories
2837,camry
2839,alternatives
2841,guys
2844,touchscreens
2846,By_Christine_Fenno
2847,film
2849,quantum
2851,do
2853,gear
2855,think
2857,amy_zimmer_metro
2859,music
2861,do
2863,%_#F########_9v.jsn
2865,Lavigne_cited_irreconcilable
2867,gdp
2869,do
2871,much
2873,that
2875,you
2877,Billie_Seef
2879,anyway
2881,biodiversity
2883,just
2885,do
2887,animals
2889,do
2891,facebook
2893,BY_ANDY_THOMPSON
2895,gmail
2897,do
2899,really
2901,erectile
2903,are
2905,do
2907,the
2909,there
2911,do
2913,twitter
2915,examples
2917,exam
2919,ethical
2921,rupee
2922,do
2924,democracy
2926,happens
2928,just
2930,pioneer_LaLanne
2932,Foursquare_revamps
2934,my
2936,quality
2938,jailbroken_iPad
2940,BY_ANDY_THOMPSON
2942,%_#F########_7v.jsn
2944,do
2946,most_Clay_countians
2948,stealing
2950,BY_ANDY_THOMPSON
2952,google_docs
2954,just
2956,stackable_washer_dryer
2958,just
2960,my
2962,me
2964,the
2966,shape_Angius
2968,pioneer_LaLanne
2970,Visit_www.gelending.com_clnews
2972,brakes
2974,john_mccain
2976,good
2978,love_veronica_Mars
2980,why
2982,just
2984,Stop_procrastinating
2986,do
2988,write
2990,do
2992,youā
2994,dishes
2996,love_veronica_Mars
2998,pioneer_LaLanne
3000,we
3002,floss
3004,theses
3006,By_Laurelle_Gilbert
3008,why_Mee_hiccuped
3010,do
3012,air
3014,lymph
3016,stocks
3018,do
3020,what
3022,do
3024,calories
3026,the
3028,pioneer_LaLanne
3030,the
3032,%_#F########_9v.jsn
3034,do
3036,favorite
3038,weā
3040,sap
3042,do
3044,you
3046,Foursquare_revamps
3048,going
3050,pioneer_LaLanne
3052,me
3054,do
3056,vent_Gespass
3058,By_DAVID_SCHEPP
3060,About_generica_viagra_viagra
3062,By_Laurelle_Gilbert
3064,training
3066,writing
3068,sustainable
3070,wounds
3072,I
3074,not
3076,reactions
3078,do
3080,acne
3082,haha_i
3084,analog
3086,you
3088,Educate_yourselves
3090,I
3092,fix
3094,do
3096,I
3098,do
3100,steering_wheel_tilts
3102,networking
3104,arcade
3106,Situational_Awareness_What
3108,khan
3110,recessive_trait
3112,humans
3114,how
3116,NET_Extensions
3118,india
3120,the
3121,rs
3123,movies
3125,thoughts
3127,Freeds_owned
3129,do
3131,pressure
3133,literature
3135,thats
3137,do
3139,meat
3141,do
3143,%_#F########_9v.jsn
3145,do
3147,the
3149,bike
3151,angel
3153,misspell_Murkowski
3155,Chiddy_Bang_maybe
3157,do
3159,droid_x
3161,most
3163,just
3165,do
3167,startup
3169,drank_colas
3171,By_Laurelle_Gilbert
3173,actually
3175,addicted
3177,undefined
3179,I
3181,the
3183,dont
3185,ROBERT_BLAGOJEVICH
3187,not
3189,Hyperlink_reference
3191,i
3193,you
3195,engineers
3197,india
3199,%_#F########_9v.jsn
3201,cricket
3203,just
3205,cons
3207,do
3209,just
3211,interviewer
3213,volts
3215,oil
3217,love_veronica_Mars
3219,do
3221,Rekhaji
3223,MoviesOnline_Did
3225,ROBERT_BLAGOJEVICH
3227,u
3229,do
3231,repels_pirate
3233,By_Laurelle_Gilbert
3235,do
3237,do
3239,earth
3241,%_#F########_9v.jsn
3243,Chiddy_Bang_maybe
3245,Mike_Di_Filippo
3247,8pen
3249,eat
3251,%_#F########_9v.jsn
3253,Can'tI
3255,Sorry_ma'am
3257,just
3259,food
3261,I
3264,examinations
3266,how
3268,do
3270,steel
3272,policy
3274,ranch
3276,do
3278,libertarian
3280,could
3282,I
3284,%_#F########_9v.jsn
3286,stupid
3288,BY_ANDY_THOMPSON
3290,the
3292,do
3294,between
3296,calories
3298,know_MyFace_Spacebook
3300,much
3302,pioneer_LaLanne
3304,affect
3306,how
3308,what
3310,meditation
3312,me
3314,the
3316,the
3318,toppers
3320,swimming
3322,next
3324,you
3326,it
3328,%_#F########_9v.jsn
3330,Jellyfish_swarm_northward
3332,this
3334,drivers
3336,Socialism_communism
3338,your
3340,caste
3342,business@thedesertsun.com
3344,system
3346,By_Laurelle_Gilbert
3348,slowly_Jasny
3350,SATA_6Gbit/sec
3352,By_Laurelle_Gilbert
3354,do
3356,cotton
3358,%_#F########_9v.jsn
3360,role
3362,Johnnie_Baston_die
3364,AWell
3366,do
3368,have
3370,By_Jonas_Elmerraji
3372,considered
3374,do
3376,civilization
3378,have
3380,just
3382,just
3384,why
3386,do
3388,is
3390,Shabanaji
3392,why
3394,password
3396,topics
3398,NOVAK_DJOKOVIC_Yeah
3400,just
3402,advantages
3404,Ed_Bookshelf
3406,downloading
3408,just
3410,the
3412,sex
3414,the
3416,should
3418,NOAA_Lehr
3420,can
3422,wear
3424,be
3426,aur
3428,salary
3430,I
3432,do
3434,why
3436,chemical
3438,shortcut
3440,Alecks_Hi
3442,we
3444,the
3446,love_veronica_Mars
3448,soluble
3450,even
3452,courses
3454,rooms
3456,Foursquare_revamps
3458,why
3460,websites
3462,BY_ANDY_THOMPSON
3464,pioneer_LaLanne
3466,earphones
3468,he
3470,you
3472,By_Jonas_Elmerraji
3474,election
3476,"perforations_#,###-#,###_feet"
3478,the
3480,visit
3482,why
3484,_Keep
3486,just
3487,less_sickly_butterscotch
3489,SoundSlam_Yeah
3491,you
3493,do
3495,recreations
3497,By_Jonas_Elmerraji
3499,E_mail_heyjen@phillynews.com
3501,you
3503,the
3505,E_mail_heyjen@phillynews.com
3507,best
3509,exactly
3511,exp
3513,english
3515,do
3517,Watch_Crave_vodcast
3519,formula
3521,I
3523,difference
3525,do
3527,sd_card
3529,my
3531,I
3533,really
3535,do
3537,%_#F########_9v.jsn
3539,s
3541,do
3543,do
3544,By_Kat_Zeman
3546,rehab
3548,%_#F########_9v.jsn
3550,%_#F########_9v.jsn
3552,Er_um
3554,JeremyShockey_@
3556,KIM_CLIJSTERS_Yeah
3558,my
3560,IGNOU_launches
3562,do
3564,exactly
3566,I
3568,KIM_CLIJSTERS_Yeah
3570,pioneer_LaLanne
3572,do
3574,do
3576,do
3578,europe
3580,By_Laurelle_Gilbert
3582,just
3584,germany
3586,india
3588,any
3590,wineries
3592,QBE_RSA_UNIQA_Vienna
3594,honeymoon
3596,do
3598,iphone
3600,it
3602,Foursquare_revamps
3604,children
3606,me
3608,june
3610,what
3612,do
3614,do
3616,wiz
3618,startup
3620,CONTRACTS_AWARDED
3622,rehab
3624,I
3626,anyway
3628,my
3630,tv
3632,what
3634,better
3636,obese
3638,music
3640,something
3642,universe_Kaku
3644,pioneer_LaLanne
3646,Visit_www.gelending.com_clnews
3648,minimum
3650,I
3652,dont
3654,eee
3656,way
3658,Educate_yourselves
3660,do
3662,hitler
3664,you
3666,login
3668,droid_x
3670,%_#F########_3v.jsn
3672,do
3674,do
3676,you
3678,Hey_how'd
3680,villi
3682,weā
3684,sheila
3686,uniform
3688,i_####.##_subds
3690,ADMIRAL_ALLEN_Well
3692,effects
3694,soooooo_boring
3696,just
3698,different
3700,taught
3702,do
3704,have
3706,do
3708,Freddy_Sanchez_sprayed
3710,not
3712,some
3714,droid_x
3716,engineer
3718,why
3720,do
3722,do
3724,do
3726,sad
3728,just
3730,radio
3732,what
3734,revolution
3736,mutant_huntingtin_protein
3738,do
3740,taste
3742,view
3744,what
3746,pioneer_LaLanne
3748,your
3750,war
3752,A.It_s
3754,molecular
3756,hair
3758,offshore
3760,do
3762,love_veronica_Mars
3764,war
3766,psychology
3768,under
3770,cooking
3772,you
3773,white
3775,the
3777,GREG_POTTER_Yes
3779,hurricane
3781,DAVID_SHAPIRO_Alec
3783,Roasted_pumpkin
3785,do
3787,the
3789,railways
3791,ever
3793,no
3795,way
3797,transgender
3799,do
3801,do
3803,blogs
3805,answer
3806,dishes
3808,gizmos_aplenty
3810,debris
3812,god
3814,tax
3816,glasses
3818,I
3820,KF_OOE
3822,do
3824,nyc
3826,Sorry_ma'am
3828,math
3830,By_Christine_Fenno
3832,malaysia
3834,read
3836,there
3838,bankruptcy
3840,do
3842,Nastia_deserved
3844,ibm
3846,GREG_POTTER_Yes
3848,Psh
3850,Socialism_communism
3852,MARIA_SHARAPOVA_Uhm
3854,app
3856,%_#F########_9v.jsn
3858,delete
3860,server
3862,you
3864,I
3866,it
3868,iPhone_#Gs/#G/#G
3870,rank
3872,m
3874,Indeed_Rakieten
3875,password
3877,%_#F########_9v.jsn
3879,By_Joseph_Woelfel
3881,pioneer_LaLanne
3883,Er_um
3885,pioneer_LaLanne
3887,do
3889,By_Laurelle_Gilbert
3891,relaxed_el_Amruni
3893,many
3895,friday
3897,novels
3899,language
3901,v
3903,can
3905,actually
3907,men
3909,%_#F########_9v.jsn
3911,Aleppo_Syria_Alexandria
3913,just
3915,can
3917,do
3919,see
3921,hesays
3923,By_Kat_Zeman
3925,for
3927,do
3929,%_#F########_9v.jsn
3931,Psh
3933,%_#F########_9v.jsn
3935,trends
3937,punctuation_grammar
3939,pioneer_LaLanne
3941,just
3943,hashtags
3945,penis
3948,%_#F########_9v.jsn
3950,'ve
3952,nickel
3954,dynamo
3956,not
3958,Maxine_Sis_Cluse
3960,do
3962,slowly_Jasny
3964,Goodell_Pash_slice
3966,some
3968,haha_i
3970,indians
3972,some
3974,gen
3976,places
3978,marriage
